牛丼,海,なみがある
海,牛丼,なみがある
目玉焼き,大好きな恋人,きみが中心
大好きな恋人,目玉焼き,きみが中心
スープ,いい夢,さめてほしくありません
いい夢,スープ,さめてほしくありません
洋食,丸,はしがありません
丸,洋食,はしがありません
生クリーム,お金,けーきには欠かせません
お金,生クリーム,けーきには欠かせません
うどん,お坊さん,つるつる！
お坊さん,うどん,つるつる！
おもち,宝くじに当たった,ついてます
宝くじに当たった,おもち,ついてます
寿司,すごろく,最後はあがり
すごろく,寿司,最後はあがり
おにぎり,工作の時間,のりを使いたい
工作の時間,おにぎり,のりを使いたい
ヨーグルト,町おこしイベント,ちょうないが元気になります
町おこしイベント,ヨーグルト,ちょうないが元気になります
天ぷら,授業参観に行った親,あげたてが嬉しい
授業参観に行った親,天ぷら,あげたてが嬉しい
フライドチキン,持ち物没収,とりあげます
持ち物没収,フライドチキン,とりあげます
サンマの塩焼き,卒業,すだちがある
卒業,サンマの塩焼き,すだちがある
ベーコン,12月24日,いぶしてます
12月24日,ベーコン,いぶしてます
シュークリーム,海外映画の歴史,ようがし
海外映画の歴史,シュークリーム,ようがし
メロン,イケメン,マスクの甘さは桁違い
イケメン,メロン,マスクの甘さは桁違い
肉料理,人の気持ち,さかなですると怒られます
人の気持ち,肉料理,さかなですると怒られます
アジア料理,賃貸契約終了間近,こうしんりょうが必要です
賃貸契約終了間近,アジア料理,こうしんりょうが必要です
豚肉の燻製,漢字の公,ばらすとハムになります
漢字の公,豚肉の燻製,ばらすとハムになります
柿,音符,しぶがある
音符,柿,しぶがある
パン,新聞,きじが重要
新聞,パン,きじが重要
天ぷら,ダイヤモンド,からっとます
ダイヤモンド,天ぷら,からっとます
ご飯に卵,なぞかけ,かけてといたらうまいでしょう
なぞかけ,ご飯に卵,かけてといたらうまいでしょう
天然の牡蠣,和食,ようしょくではありません
和食,天然の牡蠣,ようしょくではありません
インスタントラーメン,好きな人から告白された！,そくせきめん
好きな人から告白された！,インスタントラーメン,そくせきめん
ビール,ラブラブの恋人,あわないと寂しい
ラブラブの恋人,ビール,あわないと寂しい
ワイン,夏の夜の蛍,はっこうしています
夏の夜の蛍,ワイン,はっこうしています
梅酒,音楽,ロックは最高です
音楽,梅酒,ロックは最高です
お茶,大ピンチ,万事きゅうす
大ピンチ,お茶,万事きゅうす
大根,網棚に上げた荷物,おろします
網棚に上げた荷物,大根,おろします
お好み焼き,ダイエット中,へらないと困ります
ダイエット中,お好み焼き,へらないと困ります
わかめ,人が乗らない電車,かいそうです
人が乗らない電車,わかめ,かいそうです
ビール,三段跳び,ホップが重要です
三段跳び,ビール,ホップが重要です
お刺身盛り合わせ,結婚生活,つまは大事です
結婚生活,お刺身盛り合わせ,つまは大事です
ポトフ,双子,そうせいじいます
双子,ポトフ,そうせいじいます
ものすごく甘いコーヒー,日本の苗字,さとうが多い
日本の苗字,ものすごく甘いコーヒー,さとうが多い
さくらんぼ,プレゼントをもらう,にこっ！
プレゼントをもらう,さくらんぼ,にこっ！
たこ焼き,奥さんのお出かけ,つまようじがあるんです
奥さんのお出かけ,たこ焼き,つまようじがあるんです
美味しい天ぷら,気温の高い日が続く,ころもがえー！
気温の高い日が続く,美味しい天ぷら,ころもがえー！
凍らせすぎた肉,難しいクイズ,かいとうに苦労する
難しいクイズ,凍らせすぎた肉,かいとうに苦労する
ご馳走をたらふく食べる,月夜のたぬき,お腹ぽんぽん！
月夜のたぬき,ご馳走をたらふく食べる,お腹ぽんぽん！
まつたけ,500円玉,こうかです
500円玉,まつたけ,こうかです
開ける前のコーラ,初恋,ぜったいにふらないでください～
初恋,開ける前のコーラ,ぜったいにふらないでください～
お茶漬け,好きな食べ物,うめ～！
好きな食べ物,お茶漬け,うめ～！
おつまみのチーズ鱈,桜,さくのが楽しみです
桜,おつまみのチーズ鱈,さくのが楽しみです
豚骨ラーメン,運動後のスポーツドリンク,きゅうしゅう」が良い
運動後のスポーツドリンク,豚骨ラーメン,きゅうしゅう」が良い
栄養ドリンク,最近ギターの調子が多い,ひろう
最近ギターの調子が多い,栄養ドリンク,ひろう
コーヒー豆,（10－4）÷3＝？,まずは、ひく
（10－4）÷3＝？,コーヒー豆,まずは、ひく
いまいちなお味のお味噌汁,ライバルに不覚にも一歩リードされた,だし抜かれた！
ライバルに不覚にも一歩リードされた,いまいちなお味のお味噌汁,だし抜かれた！
ウイスキー,バイキンマン,わるものです
バイキンマン,ウイスキー,わるものです
小学校のランチ,１人の３日分のごはん,きっと、きゅうしょく
１人の３日分のごはん,小学校のランチ,きっと、きゅうしょく
ハヤシライス,ヒラメ,カレーではありません
ヒラメ,ハヤシライス,カレーではありません
カレーうどん,雪の中のうさぎ,良く跳ねて跡を残します
雪の中のうさぎ,カレーうどん,良く跳ねて跡を残します
おしゃべりに夢中な焼肉の肉,夏休み明け,みんな黒くなってます
夏休み明け,おしゃべりに夢中な焼肉の肉,みんな黒くなってます
よもぎ,非常食,もちが良い
非常食,よもぎ,もちが良い
大福,お世話になった先生,わがしです
お世話になった先生,大福,わがしです
おやつ,三つ子のきょうだい,さんじ
三つ子のきょうだい,おやつ,さんじ
サラダ,BGM,何をかけるのか迷います
BGM,サラダ,何をかけるのか迷います
お好み焼き,レシーブ,ちゃんと返さないと崩れる
レシーブ,お好み焼き,ちゃんと返さないと崩れる
コシヒカリ,名指揮者,たくと光ります
名指揮者,コシヒカリ,たくと光ります
上質の塩,無精ひげ,そるといい
無精ひげ,上質の塩,そるといい
寿司,名曲,サビに涙するでしょう
名曲,寿司,サビに涙するでしょう
おたふくソース,相思相愛,お好みにぴったりです
相思相愛,おたふくソース,お好みにぴったりです
ビスケット,アニメの主題歌,こどもに人気のかしなんです
アニメの主題歌,ビスケット,こどもに人気のかしなんです
マグロ,ピカソの未発表作品,専門家が、かいたい
ピカソの未発表作品,マグロ,専門家が、かいたい
アイスクリーム,釣り,時々あたりがあります
釣り,アイスクリーム,時々あたりがあります
発泡酒,５分だけ休憩,ちょっと、やすめ
５分だけ休憩,発泡酒,ちょっと、やすめ
うどん,6月半ば,つゆに入ってます
6月半ば,うどん,つゆに入ってます
濃い緑茶,新学期,たんにんが気になります
新学期,濃い緑茶,たんにんが気になります
殻付くるみ,習い事を始めてすぐ発表会,かじったばかりに痛い目に遭う
習い事を始めてすぐ発表会,殻付くるみ,かじったばかりに痛い目に遭う
野球,オタクの購買意欲,初回のとくてんが大事です
オタクの購買意欲,野球,初回のとくてんが大事です
空手家,落ち込んだ友人,いたわりが必須です
落ち込んだ友人,空手家,いたわりが必須です
野球の一塁のランナー,本,きっと、リードする
本,野球の一塁のランナー,きっと、リードする
プロボクサー,食物アレルギー,げんりょうが気になります
食物アレルギー,プロボクサー,げんりょうが気になります
卓球,正解,ピンポーン！
正解,卓球,ピンポーン！
社交ダンス,初級者の英語,タンゴから始めます
初級者の英語,社交ダンス,タンゴから始めます
プロ野球,漁師,アマではありません
漁師,プロ野球,アマではありません
野球選手,東大入試,センターは重要です
東大入試,野球選手,センターは重要です
マラソン,歌,ばんそうもあります
歌,マラソン,ばんそうもあります
野球チームのレギュラー,物を無くした人,ナインです
物を無くした人,野球チームのレギュラー,ナインです
オリンピック,陶芸,かきもあります
陶芸,オリンピック,かきもあります
ゴルフ,ジャズ,クラブでスイングします
ジャズ,ゴルフ,クラブでスイングします
ボクシング,公営ギャンブル,手は出しても足が出てはいけません
公営ギャンブル,ボクシング,手は出しても足が出てはいけません
練習不足のアスリート,コロンブス,たいかいします
コロンブス,練習不足のアスリート,たいかいします
貧乏な野球チーム,恥ずかしいこと,どっちもミットもない
恥ずかしいこと,貧乏な野球チーム,どっちもミットもない
ボール,天気の良い日,ふりません
天気の良い日,ボール,ふりません
すばしこいボクサー,バーテンダー,カウンターで勝負します
バーテンダー,すばしこいボクサー,カウンターで勝負します
陸上部,引越し屋さん,トラックで走り回ります
引越し屋さん,陸上部,トラックで走り回ります
ピンチランナー,１００円ショップ,だいそうが活躍します
１００円ショップ,ピンチランナー,だいそうが活躍します
下手なバッター,雨の日,うてん
雨の日,下手なバッター,うてん
始球式,内気な人の恋心,大抵は届きません
内気な人の恋心,始球式,大抵は届きません
クロスカントリー,準備不足の試験,山をかけて勝ちに行きます
準備不足の試験,クロスカントリー,山をかけて勝ちに行きます
安全な剣道の稽古,油断,ぜったいに、しないで
油断,安全な剣道の稽古,ぜったいに、しないで
マラソンの沿道,秋田名物,はたはたです
秋田名物,マラソンの沿道,はたはたです
サイクリング,プレイボーイ,こいで楽しみます
プレイボーイ,サイクリング,こいで楽しみます
腹筋運動,年金問題,人によって、はらわれ方が違います
年金問題,腹筋運動,人によって、はらわれ方が違います
野球,軽音部,ベースが必要です
軽音部,野球,ベースが必要です
バレーボール,メディア,ネットを使ってサービスすることもあります
メディア,バレーボール,ネットを使ってサービスすることもあります
ボクシング世界王者,ダイヤモンドの指輪,リングの上で輝きを放ちます
ダイヤモンドの指輪,ボクシング世界王者,リングの上で輝きを放ちます
運動会,コスプレ撮影会,ふけいは盛り上がる
コスプレ撮影会,運動会,ふけいは盛り上がる
楽器のチューニング,付き合いたてのカップル,ちょうしあわせ
付き合いたてのカップル,楽器のチューニング,ちょうしあわせ
ドラム,悪いことをする,バチが当たる
悪いことをする,ドラム,バチが当たる
カラオケ,図書館,どんどん、かし出します
図書館,カラオケ,どんどん、かし出します
音楽の都,歯医者の治療,ウイ～ン！
歯医者の治療,音楽の都,ウイ～ン！
ピアノ・バイオリン・チェロを使った曲,お掃除必需品,さんじゅうそう
お掃除必需品,ピアノ・バイオリン・チェロを使った曲,さんじゅうそう
合唱,冷凍庫,こーらす
冷凍庫,合唱,こーらす
ギター,飛行機,こうどがあって進行します
飛行機,ギター,こうどがあって進行します
ヒップホップ,電子レンジ,ラップします
電子レンジ,ヒップホップ,ラップします
オーケストラ,日本の風景,しきが重要です
日本の風景,オーケストラ,しきが重要です
打楽器,鳥のヒナがいるべき場所,うちならす
鳥のヒナがいるべき場所,打楽器,うちならす
童謡・まっかな秋,広島,かしにもみじがあります
広島,童謡・まっかな秋,かしにもみじがあります
オーケストラ奏者,戦況を見極める部隊長,しき
戦況を見極める部隊長,オーケストラ奏者,しき
音楽,商店街,いろんな、てんぽがあります
商店街,音楽,いろんな、てんぽがあります
ＬＰ,アルファベットのＡＢ,ＣＤの前です
アルファベットのＡＢ,ＬＰ,ＣＤの前です
壊れたクラリネット,凶作だった果物農園,ドレもミ
凶作だった果物農園,壊れたクラリネット,ドレもミ
江戸幕府,問題の回答者,とくがわです
問題の回答者,江戸幕府,とくがわです
豊臣秀吉,お花見,きのしたと呼ばれます
お花見,豊臣秀吉,きのしたと呼ばれます
水戸黄門,猫の好物,またたびです
猫の好物,水戸黄門,またたびです
大正時代,朝礼での社訓,このあと、しょうわが始まります
朝礼での社訓,大正時代,このあと、しょうわが始まります
鎖国,フルネーム,外国人は、ながさき
フルネーム,鎖国,外国人は、ながさき
諸葛亮孔明,ビルの屋上,必ず、さくをめぐらします
ビルの屋上,諸葛亮孔明,必ず、さくをめぐらします
大岡越前,魚屋さん,さばくのが上手い！
魚屋さん,大岡越前,さばくのが上手い！
コロンブス,失恋,何度も何度も、こうかいします
失恋,コロンブス,何度も何度も、こうかいします
邪馬台国,太平洋に落ちた１円玉,どこにあるのか分かりません
太平洋に落ちた１円玉,邪馬台国,どこにあるのか分かりません
真言宗の名僧は？,そんなにお腹すいてるなら・・・,くうかい？
そんなにお腹すいてるなら・・・,真言宗の名僧は？,くうかい？
西郷隆盛,千切りキャベツ,かつ
千切りキャベツ,西郷隆盛,かつ
遺跡,チケット,はっけんされると嬉しい
チケット,遺跡,はっけんされると嬉しい
芝居,初夢,えんぎのいいのが見たいです
初夢,芝居,えんぎのいいのが見たいです
耳なし芳一,日記の空白,きょう書くの忘れました
日記の空白,耳なし芳一,きょう書くの忘れました
美しい本,音楽,ひょうしが心に響きます
音楽,美しい本,ひょうしが心に響きます
芸術家の最期,こたつの上,みかんがあります
こたつの上,芸術家の最期,みかんがあります
十二単,マグロの解体,きるのに時間がかかります
マグロの解体,十二単,きるのに時間がかかります
夏目漱石,なぞかけ,こころが重要です
なぞかけ,夏目漱石,こころが重要です
漢文,初級者が上級者に挑戦,最初は、かなわないのが普通
初級者が上級者に挑戦,漢文,最初は、かなわないのが普通
ハリー・ポッター,優良ドライバー,ほうきます
優良ドライバー,ハリー・ポッター,ほうきます
展覧会,覆水盆に返らず,どちらも、あーとの祭りです
覆水盆に返らず,展覧会,どちらも、あーとの祭りです
ロミオとジュリエット,サンタクロース,ひげきになります
サンタクロース,ロミオとジュリエット,ひげきになります
画家,ラッコ,かいが大好きです
ラッコ,画家,かいが大好きです
現代文,親分,こぶんじゃありません
親分,現代文,こぶんじゃありません
美術,将棋の駒,かくだけではありません
将棋の駒,美術,かくだけではありません
茶道,占い,せいざが欠かせません
占い,茶道,せいざが欠かせません
多忙の作家,新内閣発足,かくりょうが気になります
新内閣発足,多忙の作家,かくりょうが気になります
写真,目上の人への手紙,はいけいがある
目上の人への手紙,写真,はいけいがある
芸術家,大脱走,そうさくを続けます
大脱走,芸術家,そうさくを続けます
竹取物語,引っ越したばかりの新婚夫婦,かぐやは帰りました
引っ越したばかりの新婚夫婦,竹取物語,かぐやは帰りました
ブログ,戦地の兵隊,日々、こうしんしています
戦地の兵隊,ブログ,日々、こうしんしています
雑誌の読者ページ,新学期,とうこうしないと始まらない
新学期,雑誌の読者ページ,とうこうしないと始まらない
赤ペンで校正,人生を振り返る,間違いが多いと真っ赤になります
人生を振り返る,赤ペンで校正,間違いが多いと真っ赤になります
ペン,国,けんよりも強し
国,ペン,けんよりも強し
ゴーストライター,いびき,かいてる人はわかりません
いびき,ゴーストライター,かいてる人はわかりません
漫画家,将棋士,コマの使い方が大切です
将棋士,漫画家,コマの使い方が大切です
長くて読みづらい文章,大病院勤務の医者,かいぎょうするとよい
大病院勤務の医者,長くて読みづらい文章,かいぎょうするとよい
封をした手紙,ガムテープ,きって貼るんです
ガムテープ,封をした手紙,きって貼るんです
もぐらたたき,こたつ,ポカポカします
こたつ,もぐらたたき,ポカポカします
正月番組,方言,日本各地で、ことなっています
方言,正月番組,日本各地で、ことなっています
黒ひげ危機一髪,病院,けんさします
病院,黒ひげ危機一髪,けんさします
メディア,コーヒー,ブレイクするのに役立ちます
コーヒー,メディア,ブレイクするのに役立ちます
ＴＶ,お中元,良い、ほうそうを心がけます
お中元,ＴＶ,良い、ほうそうを心がけます
もうすぐ止まりそうな独楽,閉店セール,もうすぐ、かいてんしなくなる
閉店セール,もうすぐ止まりそうな独楽,もうすぐ、かいてんしなくなる
きもだめし,高性能車,はいおく」が効果的
高性能車,きもだめし,はいおく」が効果的
ニュース番組,キャリーバッグ,キャスターは重要です
キャリーバッグ,ニュース番組,キャスターは重要です
コレクター,スプレー,しゅうしゅうしています
スプレー,コレクター,しゅうしゅうしています
トランポリン,天使,はねないと困ります
天使,トランポリン,はねないと困ります
休日のドライブ,中学生,こうそくがある
中学生,休日のドライブ,こうそくがある
カスタマイズされたパソコン,新幹線,きせいが多い
新幹線,カスタマイズされたパソコン,きせいが多い
ハイキング,お父さんの転勤,てんこうに振り回されます
お父さんの転勤,ハイキング,てんこうに振り回されます
だらだら続くイントロクイズ,地球温暖化,なんきょく終わるのか？
地球温暖化,だらだら続くイントロクイズ,なんきょく終わるのか？
ｉPad,幼き日の恋心,小さな、あいから始まります
幼き日の恋心,ｉPad,小さな、あいから始まります
漫才,メガネ,どつきがある
メガネ,漫才,どつきがある
動物園,俺が守る！,かば　います
俺が守る！,動物園,かば　います
ゲームのラスボス,座いす,倒すと気持ちいいです
座いす,ゲームのラスボス,倒すと気持ちいいです
ハリウッド,ごみを漁るカラス,たいさくます
ごみを漁るカラス,ハリウッド,たいさくます
ガンダム,チャンス,いい、きかいです
チャンス,ガンダム,いい、きかいです
海外旅行,お肌の手入れ,パックがおすすめです
お肌の手入れ,海外旅行,パックがおすすめです
当選した宝くじ,ジグソーパズル,くみちがいもあります
ジグソーパズル,当選した宝くじ,くみちがいもあります
宝くじ,パナマ,うんが大切です
パナマ,宝くじ,うんが大切です
新型列車のお披露目,総務課,てつづきが多すぎます
総務課,新型列車のお披露目,てつづきが多すぎます
新聞,初日の出,朝日に、さんけい、良い毎日を願います
初日の出,新聞,朝日に、さんけい、良い毎日を願います
鉄道マニア,電気屋さん,はいせんにも詳しいです
電気屋さん,鉄道マニア,はいせんにも詳しいです
新聞,坊主,けさ
坊主,新聞,けさ
川柳,午後５時,１７じです
午後５時,川柳,１７じです
限定発売品,傾いた家,かいたい
傾いた家,限定発売品,かいたい
結婚式のスピーチ,ミニスカート,短いほど喜ばれます
ミニスカート,結婚式のスピーチ,短いほど喜ばれます
飲み会,邪魔者,つまみ出してください
邪魔者,飲み会,つまみ出してください
お菓子売り場,今日の天気,あめが気になります
今日の天気,お菓子売り場,あめが気になります
必ず当たる凄腕の賭け師,金環日食,つきだけで出来るもんじゃない
金環日食,必ず当たる凄腕の賭け師,つきだけで出来るもんじゃない
プレゼント,梅雨,早く、あけてほしい
梅雨,プレゼント,早く、あけてほしい
タイムカプセル,うぐいす,うめに行く
うぐいす,タイムカプセル,うめに行く
メール受信,さなぎから蝶へ,へんしんする
さなぎから蝶へ,メール受信,へんしんする
電話,ボタン,かけ違いもある
ボタン,電話,かけ違いもある
水彩絵の具,名古屋や岐阜,ちゅうぶに入ってます
名古屋や岐阜,水彩絵の具,ちゅうぶに入ってます
バーバリー,税関,チェックが多い
税関,バーバリー,チェックが多い
熱帯魚,ビニールのプチプチ,かんしょう用です
ビニールのプチプチ,熱帯魚,かんしょう用です
こいのぼり,尾行,泳がせてじっと見ます
尾行,こいのぼり,泳がせてじっと見ます
不器用な男のデート,夕立,急に「ふられます
夕立,不器用な男のデート,急に「ふられます
電報,熱さに耐える治療,それは、きゅうです
熱さに耐える治療,電報,それは、きゅうです
東京ディズニーランド,アルファベットのＢ,となりはシーです
アルファベットのＢ,東京ディズニーランド,となりはシーです
奈良公園,開業医,やはり、しかが多いです
開業医,奈良公園,やはり、しかが多いです
出初式,大酒飲み,もちろんハシゴがつきものです
大酒飲み,出初式,もちろんハシゴがつきものです
夕刊,事務次官,ちょうかんではありません
事務次官,夕刊,ちょうかんではありません
健康,ドライブスルー,ちゅうしゃいらずです
ドライブスルー,健康,ちゅうしゃいらずです
ダイエット中,偉い人の前,かしこまります
偉い人の前,ダイエット中,かしこまります
運命の人,日本,えんがある
日本,運命の人,えんがある
お金,はさみ,ちょきん！
はさみ,お金,ちょきん！
オーダースーツ,便利な交通網,きやすい
便利な交通網,オーダースーツ,きやすい
海の上で遭難,真面目な男子,なんぱせん
真面目な男子,海の上で遭難,なんぱせん
靴,お腹,歩くと減る
お腹,靴,歩くと減る
冬,テニス,コートがいる
テニス,冬,コートがいる
ピーチ姫,夫婦喧嘩,さらわれる
夫婦喧嘩,ピーチ姫,さらわれる
事故の原因,仕事に困らない人,しかくがあるからです
仕事に困らない人,事故の原因,しかくがあるからです
乾杯,天ぷら,うまくいくには、おんどが肝心です
天ぷら,乾杯,うまくいくには、おんどが肝心です
広島,年末の約束,くれに行きます
年末の約束,広島,くれに行きます
中高生,大変な問題,じゅうだいです
大変な問題,中高生,じゅうだいです
桜,いい試合,ぜんせんがある
いい試合,桜,ぜんせんがある
雪の日の運転,あんこが好きな人のおやつ,たいやきになる
あんこが好きな人のおやつ,雪の日の運転,たいやきになる
お金,薬,こうかがあるんです
薬,お金,こうかがあるんです
信号,カギ,あかないと困ります
カギ,信号,あかないと困ります
中学生,ビオフェルミンＳ,きちんと、せいちょうさせることが大切
ビオフェルミンＳ,中学生,きちんと、せいちょうさせることが大切
ダイエット,自販機の下,こうかがあったりなかったり
自販機の下,ダイエット,こうかがあったりなかったり
朝礼,かきくけこ,さぎょうの前です
かきくけこ,朝礼,さぎょうの前です
サブパイロット,ドレスコードが厳しいレストラン,ふくそうじゅうしです
ドレスコードが厳しいレストラン,サブパイロット,ふくそうじゅうしです
継続は力なり,おかわり！,モットー！
おかわり！,継続は力なり,モットー！
筋肉痛,愛の告白,なかなか、いえない
愛の告白,筋肉痛,なかなか、いえない
車,家,はしらないと困ります
家,車,はしらないと困ります
平等,オープンな性格,かくさないです
オープンな性格,平等,かくさないです
青,お腹がぺこぺこの時のごはん,かんしょく
お腹がぺこぺこの時のごはん,青,かんしょく
反対,アルカリ性,逆は、さんせいです
アルカリ性,反対,逆は、さんせいです
先生,自分の思い,いしとも表現できる
自分の思い,先生,いしとも表現できる
大病院,夏の山道,かが多い
夏の山道,大病院,かが多い
酒屋さん,メガネ,色んな度があります
メガネ,酒屋さん,色んな度があります
モテない男,東京が私に来ました。,じょしについて勉強しましょう
東京が私に来ました。,モテない男,じょしについて勉強しましょう
ローマ,時間通りの発車,ていこくでした
時間通りの発車,ローマ,ていこくでした
献血キャンペーン,たつてと,ちが足りない！
たつてと,献血キャンペーン,ちが足りない！
一途な恋,カーナビ,カーナビ
カーナビ,一途な恋,カーナビ
ぎゅうぎゅうの満員電車,店の看板,のれん！
店の看板,ぎゅうぎゅうの満員電車,のれん！
乾杯,機械いじり,ドライバーを用意した方がいい
機械いじり,乾杯,ドライバーを用意した方がいい
小さすぎる帽子,肌の強い人,かぶれません
肌の強い人,小さすぎる帽子,かぶれません
統率の取れない部隊,インフルエンザ,たいちょうが悪い
インフルエンザ,統率の取れない部隊,たいちょうが悪い
梅雨明け,ペット,なつきます
ペット,梅雨明け,なつきます
ライバル,正午の時報,はり合います
正午の時報,ライバル,はり合います
コアラ,好きなもの,きにいる
好きなもの,コアラ,きにいる
深夜,老王の嘆き,よも、ふけた
老王の嘆き,深夜,よも、ふけた
お父さん,不思議に思ったとき,おやっ
不思議に思ったとき,お父さん,おやっ
お化粧,コンタクトレンズ,落とすと良く見えません
コンタクトレンズ,お化粧,落とすと良く見えません
牛丼店の価格競争,受験日前日,今は絶対、ねを上げられません
受験日前日,牛丼店の価格競争,今は絶対、ねを上げられません
竹,偶数,きれいに割れます
偶数,竹,きれいに割れます
かけおち,結果,反対が原因です
結果,かけおち,反対が原因です
新入社員,振っても出ない貯金箱,これからだ。
振っても出ない貯金箱,新入社員,これからだ。
森,大衆食堂,ソバにハヤシもあります
大衆食堂,森,ソバにハヤシもあります
オーダーメイドスーツ,強い人を前にしたとき,したてに出ます
強い人を前にしたとき,オーダーメイドスーツ,したてに出ます
ホッチキス,ヘアバンド,かみをまとめます
ヘアバンド,ホッチキス,かみをまとめます
沖縄の海,生まれたての赤ちゃん,さんごは大切に育てる
生まれたての赤ちゃん,沖縄の海,さんごは大切に育てる
イブニングドレス,ほうき,せいそうで使います
ほうき,イブニングドレス,せいそうで使います
カクテル,新しい恋人,振った後に出来ます
新しい恋人,カクテル,振った後に出来ます
二次会,国語の授業,かんじの大切さを痛感します
国語の授業,二次会,かんじの大切さを痛感します
速記者,花粉症,めもかきまくります
花粉症,速記者,めもかきまくります
朝礼,のぼり,あまりに長いと倒れます
のぼり,朝礼,あまりに長いと倒れます
パンダのシャンシャン,親が決めた将来の結婚相手,いいなづけだね
親が決めた将来の結婚相手,パンダのシャンシャン,いいなづけだね
百貨店,ピッチャー,とうきゅうもあります。
ピッチャー,百貨店,とうきゅうもあります。
瀬戸物,電卓,かけたり割ったりします
電卓,瀬戸物,かけたり割ったりします
注意力,１０万円のバッグが欲しい,さんまんじゃダメ！
１０万円のバッグが欲しい,注意力,さんまんじゃダメ！
徳島県,シャンプーを多めに使う,あわだった
シャンプーを多めに使う,徳島県,あわだった
プランニング,ジャムおじさん,あんを煮詰めています
ジャムおじさん,プランニング,あんを煮詰めています
オオカミ,メッシュの帽子,むれません
メッシュの帽子,オオカミ,むれません
ライザップ,長期入院,とうぶん
長期入院,ライザップ,とうぶん
フナかな？,見知らぬ美少女との出会い,こいかもしれません
見知らぬ美少女との出会い,フナかな？,こいかもしれません
花火,カップめん,かやくがあります
カップめん,花火,かやくがあります
和同開珎,やっと一次選考に合格,初めての、つうかです
やっと一次選考に合格,和同開珎,初めての、つうかです
スーパーで夕飯を何にしようか悩んでいる主婦,水やりを忘れた鉢植えの植物,結局、さかなかったそうです
水やりを忘れた鉢植えの植物,スーパーで夕飯を何にしようか悩んでいる主婦,結局、さかなかったそうです
中秋の名月,仲良しカップル,つきあってみて良かった
仲良しカップル,中秋の名月,つきあってみて良かった
バーゲンセール,重度の急な風邪,おかんが走ります
重度の急な風邪,バーゲンセール,おかんが走ります
夏の終わり,おそ松くんのイヤミ,ざんしょがつきもの
おそ松くんのイヤミ,夏の終わり,ざんしょがつきもの
夏の窓辺,ギョーザ,すだれがあるといい感じ
ギョーザ,夏の窓辺,すだれがあるといい感じ
秋,く,かきの次なんです
く,秋,かきの次なんです
秋,目の前にある山,こえるものですから
目の前にある山,秋,こえるものですから
秋の味覚,吉兆のシンボル,まつたけうめー！
吉兆のシンボル,秋の味覚,まつたけうめー！
合奏,ＬＯＶＥ,かなであい
ＬＯＶＥ,合奏,かなであい
ダンスミュージック,もりそば,ノリが欲しいと思います
もりそば,ダンスミュージック,ノリが欲しいと思います
温泉,まわしをつかんだ横綱　,ちから出るんです
まわしをつかんだ横綱　,温泉,ちから出るんです
大酒飲みのグラス,かつら,つがないとからになります
かつら,大酒飲みのグラス,つがないとからになります
肉好きのステーキ,江戸っ子のお風呂,あつめがいい
江戸っ子のお風呂,肉好きのステーキ,あつめがいい
ポスト,ピアノを弾く,てがみを出します
ピアノを弾く,ポスト,てがみを出します
パーカー,ペットホテル,フード付き
ペットホテル,パーカー,フード付き
傘,将棋,二人でさすと楽しい！
将棋,傘,二人でさすと楽しい！
住民税アップ,数字の１６,しのじじょうです
数字の１６,住民税アップ,しのじじょうです
コーラの容器,動物アレルギー,ペットにびんかんです
動物アレルギー,コーラの容器,ペットにびんかんです
くらげ,酔っ払い,ただよっています
酔っ払い,くらげ,ただよっています
１２月３１日,戒名,おしょうがつくる
戒名,１２月３１日,おしょうがつくる
１２月３１日,この味付け何？,おお、味噌か！
この味付け何？,１２月３１日,おお、味噌か！
フライドチキン,７+７,じゅーしー！
７+７,フライドチキン,じゅーしー！
恋人とのクリスマスデート,停電の夜,キャンドル、ないとね
停電の夜,恋人とのクリスマスデート,キャンドル、ないとね
小倉百人一首,家族が怪我で運ばれる時,たんかが集まりました
家族が怪我で運ばれる時,小倉百人一首,たんかが集まりました
寒い日のココア,探し物してるとき,あったか～い！
探し物してるとき,寒い日のココア,あったか～い！
虫歯,漂白剤,はいたー！
漂白剤,虫歯,はいたー！
呪文,探しても見つからない,まじない
探しても見つからない,呪文,まじない
栃木の名産,　一升瓶の１/１０,いちごー！
　一升瓶の１/１０,栃木の名産,いちごー！
明日やる,９９９９,しないんです
９９９９,明日やる,しないんです
お坊さん,あいづち,そうね
あいづち,お坊さん,そうね
門出,山場を越えた仕事,グッドラック！
山場を越えた仕事,門出,グッドラック！
